RaceParticipantId,RaceId,RunnerId,Time,AverageHeartRate
1,1,12,2986,95
2,1,24,2573,85
3,1,36,3281,87
4,1,48,1930,75
5,1,63,3056,78
6,1,13,2338,74
7,1,25,1588,95
8,1,37,2592,98
9,1,49,2158,69
10,1,61,3163,80
11,1,14,2833,76
12,1,26,3191,73
13,1,38,1697,92
14,1,50,2654,85
15,1,62,2994,80
16,2,63,3225,75
17,2,51,2307,86
18,2,27,2678,73
19,2,15,1660,82
20,2,39,2744,84
21,2,64,1978,76
22,2,52,2241,89
23,2,40,3265,87
24,2,28,2408,70
25,2,16,2791,86
26,2,17,1895,96
27,2,29,2334,86
28,2,41,1665,76
29,2,53,1794,94
30,2,65,2349,88
31,3,66,3085,82
32,3,54,2279,66
33,3,42,3075,76
34,3,30,2842,83
35,3,18,2822,92
36,3,19,2778,70
37,3,31,2010,95
38,3,43,1653,84
39,3,55,2364,78
40,3,67,2020,74
41,3,68,2789,79
42,3,56,2304,71
43,3,44,2428,87
44,3,32,3151,78
45,3,20,3322,96
46,4,21,2248,69
47,4,33,2088,71
48,4,45,1790,80
49,4,57,2097,74
50,4,69,3286,97
51,4,70,3235,98
52,4,58,1913,91
53,4,46,2995,81
54,4,34,1913,95
55,4,22,2547,81
56,4,23,1678,91
57,4,35,3138,87
58,4,47,2216,97
59,4,59,2108,80
60,4,71,3315,84
61,5,12,2167,72
62,5,24,3346,66
63,5,36,1621,70
64,5,48,3010,89
65,5,63,2750,79
66,5,13,2062,77
67,5,25,3350,98
68,5,37,2571,71
69,5,49,2756,81
70,5,61,2237,76
71,5,14,1716,67
72,5,26,2197,85
73,5,38,1811,68
74,5,50,3005,94
75,5,62,1778,95
76,6,63,2955,73
77,6,51,2322,72
78,6,27,2834,74
79,6,15,1642,72
80,6,39,2938,73
81,6,64,2381,88
82,6,52,2897,93
83,6,40,2906,90
84,6,28,1947,91
85,6,16,3207,86
86,6,17,2524,88
87,6,29,2763,92
88,6,41,2524,79
89,6,53,2708,67
90,6,65,1791,94
91,7,66,2490,81
92,7,54,1632,79
93,7,42,3130,90
94,7,30,1987,86
95,7,18,3330,96
96,7,19,2605,73
97,7,31,1650,87
98,7,43,2862,81
99,7,55,2199,84
100,7,67,2266,96
101,7,68,2423,86
102,7,56,2167,98
103,7,44,2390,78
104,7,32,2456,86
105,7,20,2744,85
106,8,21,2460,94
107,8,33,2206,74
108,8,45,2444,93
109,8,69,1786,71
110,8,57,1908,87
111,8,70,1637,87
112,8,58,2985,83
113,8,46,2551,70
114,8,34,1763,71
115,8,22,2839,72
116,8,23,2340,97
117,8,35,2005,97
118,8,47,3047,71
119,8,59,2749,87
120,8,71,1876,87
121,9,12,1755,72
122,9,24,1990,81
123,9,36,2332,69
124,9,48,3297,85
125,9,63,3071,92
126,9,13,2023,86
127,9,25,3019,94
128,9,37,2265,90
129,9,49,2290,89
130,9,61,2841,84
131,9,14,2135,76
132,9,26,2807,89
133,9,38,2623,73
134,9,50,2317,95
135,9,62,3242,88
136,10,63,2122,75
137,10,51,2984,72
138,10,27,2259,85
139,10,15,3019,92
140,10,39,3332,82
141,10,64,2555,86
142,10,52,2184,93
143,10,40,1975,77
144,10,28,2342,86
145,10,16,2762,69
146,10,17,3243,81
147,10,29,2638,98
148,10,41,2329,85
149,10,53,1643,77
150,10,65,2460,84
151,11,66,1952,68
152,11,54,2111,66
153,11,42,3352,98
154,11,30,2732,97
155,11,18,2118,98
156,11,19,1569,86
157,11,31,2241,80
158,11,43,3149,71
159,11,55,2277,95
160,11,67,2869,84
161,11,68,2646,97
162,11,56,3080,70
163,11,44,1671,88
164,11,32,3307,86
165,11,20,2125,91
166,12,21,2506,87
167,12,33,2530,92
168,12,45,3119,83
169,12,69,2379,82
170,12,57,1576,90
171,12,70,2774,83
172,12,58,1819,90
173,12,46,2672,78
174,12,34,1823,67
175,12,22,3138,93
176,12,23,2153,92
177,12,35,2865,92
178,12,47,3234,72
179,12,59,2267,96
180,12,71,1867,85
181,13,12,2306,74
182,13,24,2899,80
183,13,36,2935,72
184,13,48,2024,96
185,13,63,2730,75
186,13,13,2402,66
187,13,25,1970,66
188,13,37,2945,80
189,13,49,2007,81
190,13,61,1945,79
191,13,14,1874,79
192,13,26,2766,86
193,13,38,2447,73
194,13,50,2077,74
195,13,62,3081,81
196,14,63,3212,95
197,14,51,3247,71
198,14,27,2247,79
199,14,15,3187,98
200,14,39,2874,94
201,14,64,1804,81
202,14,52,1779,67
203,14,40,3190,88
204,14,28,2890,85
205,14,16,2935,68
206,14,17,1608,97
207,14,29,2847,73
208,14,41,2743,96
209,14,53,2801,94
210,14,65,1826,83
211,15,66,1908,72
212,15,54,2765,77
213,15,42,3147,95
214,15,30,2343,82
215,15,18,2245,87
216,15,19,2399,96
217,15,31,2124,74
218,15,43,2529,89
219,15,55,1702,73
220,15,67,1900,74
221,15,68,2460,77
222,15,56,2147,97
223,15,44,1890,76
224,15,32,1597,70
225,15,20,2960,76
226,16,21,1783,74
227,16,33,3178,79
228,16,45,3054,87
229,16,69,2096,82
230,16,57,2952,79
231,16,70,3281,86
232,16,58,1791,97
233,16,46,2876,88
234,16,34,2945,77
235,16,22,2656,94
236,16,23,1956,91
237,16,35,2283,75
238,16,47,1587,89
239,16,59,2610,75
240,16,71,2953,86
241,17,12,2223,89
242,17,24,2086,98
243,17,36,2349,77
244,17,48,1871,98
245,17,63,1771,69
246,17,13,3247,68
247,17,25,1930,98
248,17,37,1947,95
249,17,49,2849,70
250,17,61,2388,71
251,17,14,1616,91
252,17,26,2600,66
253,17,38,1742,86
254,17,50,2358,86
255,17,62,3221,83
256,18,63,2317,84
257,18,51,2365,69
258,18,27,2286,85
259,18,15,3168,67
260,18,39,2519,85
261,18,64,2036,77
262,18,52,2985,85
263,18,40,2032,88
264,18,28,1565,88
265,18,16,1797,71
266,18,17,1986,67
267,18,29,2841,80
268,18,41,2275,76
269,18,53,1846,90
270,18,65,2257,70
271,19,66,2171,69
272,19,54,1878,95
273,19,42,1802,96
274,19,30,1647,82
275,19,18,2315,91
276,19,19,2617,77
277,19,31,1800,83
278,19,43,2835,69
279,19,55,1884,69
280,19,67,2548,96
281,19,68,2088,85
282,19,56,1773,82
283,19,44,2898,72
284,19,32,2159,93
285,19,20,3247,94
286,20,21,2212,87
287,20,33,2905,67
288,20,45,1666,89
289,20,69,1818,90
290,20,57,3325,80
291,20,70,1615,91
292,20,58,2621,75
293,20,46,1809,76
294,20,34,2446,73
295,20,22,2679,89
296,20,23,2886,74
297,20,35,1840,94
298,20,47,2484,92
299,20,59,2805,86
300,20,71,2669,91
301,21,12,3042,74
302,21,24,2790,98
303,21,36,1772,66
304,21,48,1881,82
305,21,61,2411,98
306,21,13,1721,88
307,21,25,2646,90
308,21,37,1959,90
309,21,49,2489,92
310,21,63,1951,71
311,21,14,2919,73
312,21,26,2324,80
313,21,38,1701,89
314,21,50,2381,71
315,21,62,3281,89
316,22,63,1880,91
317,22,51,1604,88
318,22,27,1707,70
319,22,15,2942,95
320,22,39,1692,96
321,22,64,1705,87
322,22,52,2324,93
323,22,40,3164,91
324,22,28,3268,95
325,22,16,1648,68
326,22,17,1704,95
327,22,29,1801,77
328,22,41,2232,71
329,22,53,3343,96
330,22,65,1840,76
331,23,66,1728,75
332,23,54,3285,72
333,23,42,2784,84
334,23,30,2843,97
335,23,18,2964,67
336,23,19,3290,88
337,23,31,1645,96
338,23,43,2352,97
339,23,55,2350,73
340,23,67,1767,74
341,23,68,2875,74
342,23,56,2369,66
343,23,44,1776,78
344,23,32,3249,72
345,23,20,1592,87
346,24,21,3334,86
347,24,33,2401,83
348,24,45,2004,70
349,24,69,3105,90
350,24,57,2741,93
351,24,70,2974,92
352,24,58,2314,78
353,24,46,3149,83
354,24,34,2655,90
355,24,22,2672,72
356,24,23,2262,76
357,24,35,1818,69
358,24,47,1848,94
359,24,59,2602,90
360,24,71,2074,66
361,25,12,2717,76
362,25,24,3151,71
363,25,36,2295,97
364,25,48,3296,89
365,25,61,1887,67
366,25,13,2696,79
367,25,25,3345,70
368,25,37,1936,75
369,25,49,2386,96
370,25,63,2170,81
371,25,14,3115,90
372,25,26,2706,90
373,25,38,2603,77
374,25,50,2450,93
375,25,62,1642,97
376,26,63,1759,69
377,26,51,3187,68
378,26,27,2923,81
379,26,15,3084,95
380,26,39,2068,82
381,26,64,2345,97
382,26,52,2867,73
383,26,40,3266,82
384,26,28,1734,81
385,26,16,1649,72
386,26,17,3226,68
387,26,29,2194,72
388,26,41,1564,91
389,26,53,2317,77
390,26,65,2292,83
391,27,66,1885,67
392,27,54,3154,88
393,27,42,1701,86
394,27,30,3007,76
395,27,18,2291,92
396,27,19,2813,70
397,27,31,2254,82
398,27,43,2893,66
399,27,55,2003,85
400,27,67,2885,98
401,27,68,2606,89
402,27,56,2374,81
403,27,44,1851,67
404,27,32,3315,76
405,27,20,2383,73
406,28,21,2162,76
407,28,33,1612,86
408,28,45,2513,69
409,28,69,2009,97
410,28,57,1936,73
411,28,70,2359,88
412,28,58,2341,95
413,28,46,2399,96
414,28,34,1889,93
415,28,22,2087,78
416,28,23,1606,97
417,28,35,1974,84
418,28,47,2322,96
419,28,59,2433,74
420,28,71,2152,77
421,29,12,2037,75
422,29,24,3197,95
423,29,36,2587,79
424,29,48,2334,67
425,29,61,2300,67
426,29,13,2420,74
427,29,25,2691,70
428,29,37,2360,80
429,29,49,2214,97
430,29,63,2161,88
431,29,14,1700,95
432,29,26,3216,80
433,29,38,1709,88
434,29,50,2814,76
435,29,62,2749,69
436,30,63,2724,74
437,30,51,2953,69
438,30,27,1611,98
439,30,15,3120,88
440,30,39,2031,81
441,30,64,2279,69
442,30,52,2678,78
443,30,40,3017,91
444,30,28,3194,91
445,30,16,1644,68
446,30,17,2018,72
447,30,29,1571,74
448,30,41,3344,79
449,30,53,1622,85
450,30,65,3282,85
451,31,66,1999,69
452,31,54,2783,74
453,31,42,1946,88
454,31,30,2384,98
455,31,18,2526,77
456,31,19,3252,82
457,31,31,3274,80
458,31,43,3050,73
459,31,55,2298,88
460,31,67,2377,72
461,31,68,3026,96
462,31,56,2286,81
463,31,44,1587,75
464,31,32,2722,67
465,31,20,3127,83
466,32,21,2872,86
467,32,33,2291,70
468,32,45,2882,91
469,32,69,3027,88
470,32,57,1595,82
471,32,70,1902,89
472,32,58,3232,84
473,32,46,2799,76
474,32,34,3334,66
475,32,22,3313,82
476,32,23,3328,97
477,32,35,1697,84
478,32,47,3115,72
479,32,59,1940,72
480,32,71,2789,83
481,33,12,2648,90
482,33,24,2869,96
483,33,36,2334,88
484,33,48,2601,88
485,33,61,3243,84
486,33,13,2725,89
487,33,25,1663,78
488,33,37,2872,76
489,33,49,1579,83
490,33,63,2477,96
491,33,14,2793,80
492,33,26,3246,66
493,33,38,2029,97
494,33,50,2336,76
495,33,62,2798,90
496,34,63,3177,95
497,34,51,1747,98
498,34,27,2873,78
499,34,15,1799,74
500,34,39,3128,89
501,34,64,2447,85
502,34,52,1776,81
503,34,40,2129,86
504,34,28,2154,66
505,34,16,3177,98
506,34,17,2916,98
507,34,29,2630,90
508,34,41,3284,74
509,34,53,2364,67
510,34,65,2461,75
511,35,66,2129,85
512,35,54,2659,94
513,35,42,2037,89
514,35,30,1833,81
515,35,18,3359,72
516,35,19,1629,66
517,35,31,2395,78
518,35,43,2219,75
519,35,55,3055,91
520,35,67,3017,97
521,35,68,2256,82
522,35,56,2128,76
523,35,44,1845,94
524,35,32,3189,98
525,35,20,1784,76
526,36,21,2032,82
527,36,33,1890,82
528,36,45,3200,70
529,36,69,1571,88
530,36,57,2212,78
531,36,70,2170,68
532,36,58,2089,87
533,36,46,1651,92
534,36,34,3286,70
535,36,22,3142,70
536,36,23,2264,94
537,36,35,2209,81
538,36,47,1872,91
539,36,59,1619,87
540,36,71,2664,91
541,37,12,1976,79
542,37,24,1862,75
543,37,36,2365,75
544,37,48,3032,84
545,37,61,2631,90
546,37,13,2856,89
547,37,25,3256,91
548,37,37,2267,92
549,37,49,3310,88
550,37,63,1884,68
551,37,14,2777,73
552,37,26,1953,73
553,37,38,3233,72
554,37,50,2335,84
555,37,62,2116,79
556,38,63,2543,92
557,38,51,2541,72
558,38,27,2277,77
559,38,15,1819,78
560,38,39,1724,80
561,38,64,3070,77
562,38,52,1720,97
563,38,40,2036,69
564,38,28,2732,78
565,38,16,2191,91
566,38,17,1877,71
567,38,29,2216,68
568,38,41,2343,89
569,38,53,2958,70
570,38,65,1870,84
571,39,66,3279,86
572,39,54,2275,93
573,39,42,1712,84
574,39,30,1922,97
575,39,18,3327,93
576,39,19,2236,75
577,39,31,2104,83
578,39,43,2429,75
579,39,55,1824,95
580,39,67,1950,75
581,39,68,3009,95
582,39,56,1810,76
583,39,44,2212,92
584,39,32,2618,80
585,39,20,3239,95
586,40,21,1848,85
587,40,33,2876,77
588,40,45,2577,76
589,40,69,2222,88
590,40,57,1809,66
591,40,70,2770,89
592,40,58,2889,91
593,40,46,3203,66
594,40,34,1962,70
595,40,22,3188,94
596,40,23,1692,93
597,40,35,1887,89
598,40,47,2637,84
599,40,59,2471,97
600,40,71,3231,98
601,41,12,3115,85
602,41,24,3186,67
603,41,36,3149,72
604,41,48,2947,81
605,41,61,3247,89
606,41,13,2306,88
607,41,25,3062,71
608,41,37,2762,82
609,41,49,2626,71
610,41,63,2845,67
611,41,14,1844,73
612,41,26,1603,86
613,41,38,2973,76
614,41,50,1781,87
615,41,62,2448,73
616,42,63,3197,83
617,42,51,2566,72
618,42,27,3072,66
619,42,15,2181,76
620,42,39,1735,83
621,42,64,2817,69
622,42,52,2294,81
623,42,40,1762,87
624,42,28,3219,70
625,42,16,2801,66
626,42,17,1843,81
627,42,29,3073,83
628,42,41,2651,68
629,42,53,2233,75
630,42,65,1884,89
631,43,66,1907,80
632,43,54,1693,73
633,43,42,2863,68
634,43,30,2996,75
635,43,18,1580,75
636,43,19,2494,98
637,43,31,2366,66
638,43,43,2229,72
639,43,55,2947,90
640,43,67,2710,87
641,43,68,2607,74
642,43,56,2874,95
643,43,44,3360,86
644,43,32,3082,77
645,43,20,2951,84
646,44,21,1606,84
647,44,33,3186,89
648,44,45,3137,82
649,44,69,3217,83
650,44,57,3341,77
651,44,70,2078,66
652,44,58,2623,76
653,44,46,2650,66
654,44,34,2453,83
655,44,22,2976,85
656,44,23,2486,95
657,44,35,3157,97
658,44,47,1951,96
659,44,59,2893,96
660,44,71,2474,93
661,45,12,2586,77
662,45,24,2325,71
663,45,36,2404,66
664,45,48,1573,92
665,45,63,1620,92
666,45,13,2254,96
667,45,25,3132,83
668,45,37,2572,97
669,45,49,2058,78
670,45,61,1629,79
671,45,14,1834,84
672,45,26,2466,91
673,45,38,2388,69
674,45,50,2345,76
675,45,62,1886,69
676,46,63,1864,70
677,46,51,2760,66
678,46,27,3032,81
679,46,15,3039,77
680,46,39,1615,84
681,46,64,2848,77
682,46,52,2096,98
683,46,40,3305,77
684,46,28,2366,81
685,46,16,2655,88
686,46,17,2515,81
687,46,29,2690,76
688,46,41,1624,74
689,46,53,3102,74
690,46,65,2179,96
691,47,66,1889,85
692,47,54,3170,88
693,47,42,1631,67
694,47,30,1654,75
695,47,18,2855,92
696,47,19,2276,74
697,47,31,2549,82
698,47,43,3233,95
699,47,55,2830,77
700,47,67,1957,92
701,47,68,3097,89
702,47,56,1785,84
703,47,44,1894,68
704,47,32,2047,85
705,47,20,2840,66
706,48,21,3141,82
707,48,33,1972,70
708,48,45,3052,88
709,48,69,3051,72
710,48,57,1566,74
711,48,70,2494,77
712,48,58,2056,79
713,48,46,2310,91
714,48,34,2990,66
715,48,22,2574,92
716,48,23,1774,97
717,48,35,1722,69
718,48,47,2598,92
719,48,59,2347,84
720,48,71,3090,68
721,49,12,2700,89
722,49,24,2978,77
723,49,36,1852,82
724,49,48,1943,96
725,49,61,1866,73
726,49,13,2459,82
727,49,25,2679,98
728,49,37,1964,84
729,49,49,2152,89
730,49,63,2926,91
731,49,14,1698,66
732,49,26,2999,92
733,49,38,2132,92
734,49,50,2601,86
735,49,62,2880,87
736,50,63,2880,74
737,50,51,2889,78
738,50,27,3111,83
739,50,15,1631,90
740,50,39,2525,91
741,50,64,3190,69
742,50,52,1687,83
743,50,40,2410,94
744,50,28,2507,66
745,50,16,2068,70
746,50,17,2512,85
747,50,29,2840,95
748,50,41,2804,87
749,50,53,1936,76
750,50,65,1944,71
751,51,66,2070,81
752,51,54,2627,96
753,51,42,2181,78
754,51,30,1779,90
755,51,18,2554,86
756,51,19,2204,84
757,51,31,2603,85
758,51,43,2327,85
759,51,55,2749,93
760,51,67,3075,74
761,51,68,3178,76
762,51,56,1668,66
763,51,44,1619,90
764,51,32,2385,84
765,51,20,2871,90
766,52,21,2020,89
767,52,33,1849,87
768,52,45,2856,82
769,52,69,3186,74
770,52,57,2834,71
771,52,70,1801,80
772,52,58,2439,91
773,52,46,2686,89
774,52,34,1971,96
775,52,22,2864,92
776,52,23,3283,91
777,52,35,1651,72
778,52,47,1943,80
779,52,59,1869,74
780,52,71,1956,93
781,53,12,1912,84
782,53,24,2512,85
783,53,36,2636,92
784,53,48,3198,83
785,53,63,3299,76
786,53,13,3193,89
787,53,25,1809,89
788,53,37,1746,70
789,53,49,2090,91
790,53,61,3103,70
791,53,14,2587,75
792,53,26,2802,98
793,53,38,2707,69
794,53,50,2534,75
795,53,62,1785,77
796,54,63,3342,68
797,54,51,2202,74
798,54,27,3119,67
799,54,15,1563,85
800,54,39,2571,89
801,54,64,2770,74
802,54,52,3139,93
803,54,40,2334,71
804,54,28,3001,72
805,54,16,2668,76
806,54,17,3041,70
807,54,29,3213,94
808,54,41,3150,78
809,54,53,2506,82
810,54,65,3357,80
811,55,66,1908,81
812,55,54,2361,81
813,55,42,3213,90
814,55,30,2725,77
815,55,18,1862,92
816,55,19,2817,75
817,55,31,2168,73
818,55,43,3080,70
819,55,55,1572,86
820,55,67,1839,92
821,55,68,1864,75
822,55,56,1723,71
823,55,44,3256,77
824,55,32,2255,74
825,55,20,2227,70
826,56,21,2992,72
827,56,33,2315,87
828,56,45,2705,92
829,56,69,1716,79
830,56,57,3303,76
831,56,70,2203,94
832,56,58,2272,79
833,56,46,2179,96
834,56,34,3196,74
835,56,22,3250,79
836,56,23,2970,67
837,56,35,1936,67
838,56,47,2210,71
839,56,59,3117,74
840,56,71,3163,71
841,57,12,3147,81
842,57,24,2528,78
843,57,36,3341,87
844,57,48,1837,69
845,57,61,1849,80
846,57,13,2391,95
847,57,25,2405,84
848,57,37,1827,95
849,57,49,2008,69
850,57,63,2848,78
851,57,14,2070,96
852,57,26,2403,80
853,57,38,2687,88
854,57,50,2045,92
855,57,62,2929,98
856,58,63,3204,71
857,58,51,2333,88
858,58,27,1642,69
859,58,15,2994,81
860,58,39,2015,82
861,58,64,3328,66
862,58,52,2931,82
863,58,40,1955,91
864,58,28,2681,92
865,58,16,2133,70
866,58,17,3325,90
867,58,29,1663,68
868,58,41,3077,89
869,58,53,1632,88
870,58,65,2260,93
871,59,66,3316,66
872,59,54,2379,76
873,59,42,1766,69
874,59,30,2384,79
875,59,18,3312,75
876,59,19,2423,82
877,59,31,2408,89
878,59,43,2093,72
879,59,55,2386,81
880,59,67,1996,66
881,59,68,2910,81
882,59,56,1762,76
883,59,44,2724,67
884,59,32,2737,97
885,59,20,2355,87
886,60,21,1953,81
887,60,33,3229,80
888,60,45,2784,70
889,60,69,2390,80
890,60,57,2499,73
891,60,70,1980,78
892,60,58,2817,92
893,60,46,1634,81
894,60,34,2163,94
895,60,22,2010,96
896,60,23,2291,98
897,60,35,2630,66
898,60,47,2098,69
899,60,59,1676,82
900,60,71,1947,96
901,61,12,2123,97
902,61,24,1796,87
903,61,36,2957,76
904,61,48,1734,90
905,61,61,2410,87
906,61,13,2003,78
907,61,25,2102,87
908,61,37,2709,88
909,61,49,2815,83
910,61,63,2229,95
911,61,14,1630,77
912,61,26,2174,81
913,61,38,2048,84
914,61,50,2601,68
915,61,62,1997,96
916,62,63,3165,70
917,62,51,2844,72
918,62,27,2440,66
919,62,15,1561,73
920,62,39,2195,94
921,62,64,2465,71
922,62,52,3029,96
923,62,40,3216,98
924,62,28,3243,98
925,62,16,1669,79
926,62,17,2289,88
927,62,29,1890,94
928,62,41,1678,68
929,62,53,1617,73
930,62,65,3122,71
931,63,66,2773,97
932,63,54,2084,75
933,63,42,1880,70
934,63,30,3135,92
935,63,18,2930,94
936,63,19,3066,86
937,63,31,2729,95
938,63,43,2308,80
939,63,55,2155,79
940,63,67,2096,73
941,63,68,3012,68
942,63,56,1804,66
943,63,44,2955,94
944,63,32,2786,86
945,63,20,2748,90
946,64,21,2089,86
947,64,33,2418,73
948,64,45,3105,66
949,64,69,2035,70
950,64,57,2530,93
951,64,70,2227,77
952,64,58,2805,68
953,64,46,1720,67
954,64,34,3060,74
955,64,22,1848,95
956,64,23,2925,80
957,64,35,2669,68
958,64,47,3143,82
959,64,59,1998,68
960,64,71,1644,72
961,65,12,2689,72
962,65,24,2344,69
963,65,36,2121,95
964,65,48,2662,75
965,65,61,2648,87
966,65,13,3237,78
967,65,25,1883,95
968,65,37,3338,82
969,65,49,2893,81
970,65,63,2852,78
971,65,14,2610,68
972,65,26,1722,94
973,65,38,3048,95
974,65,50,2538,79
975,65,62,2507,87
976,66,63,2059,69
977,66,51,2855,93
978,66,27,2642,72
979,66,15,3055,89
980,66,39,2785,82
981,66,64,1603,96
982,66,52,1998,97
983,66,40,2803,91
984,66,28,2217,79
985,66,16,1660,93
986,66,17,3165,94
987,66,29,1894,74
988,66,41,2303,70
989,66,53,2400,70
990,66,65,2125,74
991,67,66,2041,98
992,67,54,1572,96
993,67,42,1702,88
994,67,30,2295,92
995,67,18,2866,88
996,67,19,1748,92
997,67,31,1794,83
998,67,43,3217,73
999,67,55,2031,78
1000,67,67,2954,71
1001,67,68,3218,75
1002,67,56,3002,88
1003,67,44,2429,92
1004,67,32,2808,91
1005,67,20,3192,90
1006,68,21,1699,88
1007,68,33,3250,67
1008,68,45,3062,93
1009,68,69,1608,67
1010,68,57,1716,91
1011,68,70,2389,97
1012,68,58,1730,90
1013,68,46,2919,69
1014,68,34,2050,75
1015,68,22,1568,97
1016,68,23,2939,91
1017,68,35,2110,69
1018,68,47,1836,87
1019,68,59,2720,82
1020,68,71,1969,70
1021,69,12,2218,88
1022,69,24,2602,69
1023,69,36,2118,92
1024,69,48,1920,78
1025,69,61,2881,66
1026,69,13,1650,79
1027,69,25,3041,67
1028,69,37,2414,84
1029,69,49,3076,74
1030,69,63,2924,70
1031,69,14,1767,94
1032,69,26,3242,84
1033,69,38,1638,87
1034,69,50,3059,69
1035,69,62,2717,84
1036,70,63,2266,89
1037,70,51,1784,73
1038,70,27,2262,70
1039,70,15,3164,89
1040,70,39,2764,67
1041,70,64,3221,97
1042,70,52,2211,98
1043,70,40,2367,84
1044,70,28,2798,92
1045,70,16,1710,72
1046,70,17,1968,96
1047,70,29,3117,81
1048,70,41,2235,94
1049,70,53,3052,86
1050,70,65,2403,82
1051,71,66,3170,70
1052,71,54,2391,69
1053,71,42,1567,83
1054,71,30,2667,70
1055,71,18,2634,70
1056,71,19,1994,85
1057,71,31,1649,85
1058,71,43,2811,87
1059,71,55,2421,75
1060,71,67,2230,68
1061,71,68,2063,87
1062,71,56,2473,81
1063,71,44,2482,93
1064,71,32,2188,92
1065,71,20,2334,71
1066,72,21,2047,79
1067,72,33,2304,71
1068,72,45,2093,89
1069,72,69,2799,86
1070,72,57,2714,66
1071,72,70,3236,77
1072,72,58,1719,67
1073,72,46,2125,87
1074,72,34,2454,66
1075,72,22,2525,76
1076,72,23,1868,77
1077,72,35,2497,96
1078,72,47,1674,76
1079,72,59,2081,75
1080,72,71,3158,95
1081,73,12,3053,67
1082,73,24,2172,96
1083,73,36,2870,92
1084,73,48,2063,66
1085,73,63,2999,74
1086,73,13,3146,73
1087,73,25,3244,97
1088,73,37,2551,76
1089,73,49,1968,75
1090,73,61,1757,86
1091,73,14,2828,87
1092,73,26,3152,85
1093,73,38,2671,94
1094,73,50,2586,76
1095,73,62,3345,88
1096,74,63,2582,67
1097,74,51,2819,92
1098,74,27,3311,88
1099,74,15,3279,88
1100,74,39,1606,97
1101,74,64,1668,66
1102,74,52,2789,93
1103,74,40,3211,98
1104,74,28,2165,80
1105,74,16,3301,93
1106,74,17,2834,82
1107,74,29,3097,96
1108,74,41,3309,78
1109,74,53,2046,74
1110,74,65,2487,92
1111,75,66,1980,81
1112,75,54,3151,82
1113,75,42,2098,92
1114,75,30,3133,72
1115,75,18,1748,67
1116,75,19,1694,92
1117,75,31,2715,85
1118,75,43,1760,68
1119,75,55,2023,97
1120,75,67,2385,97
1121,75,68,2878,87
1122,75,56,2192,87
1123,75,44,3347,80
1124,75,32,2005,88
1125,75,20,2992,94
1126,76,21,2280,84
1127,76,33,2397,74
1128,76,45,2010,75
1129,76,69,3212,76
1130,76,57,3294,96
1131,76,70,2410,76
1132,76,58,3310,69
1133,76,46,1897,76
1134,76,34,3323,82
1135,76,22,2995,72
1136,76,23,2531,83
1137,76,35,2206,81
1138,76,47,2867,72
1139,76,59,2508,91
1140,76,71,2070,87
1141,77,12,3096,79
1142,77,24,3290,97
1143,77,36,3321,98
1144,77,48,2171,92
1145,77,63,2102,91
1146,77,13,2041,74
1147,77,25,1674,79
1148,77,37,2257,71
1149,77,49,3205,81
1150,77,61,2678,66
1151,77,14,1582,98
1152,77,26,2287,72
1153,77,38,2909,90
1154,77,50,2861,86
1155,77,62,2415,79
1156,78,63,1593,93
1157,78,51,3288,76
1158,78,27,2090,77
1159,78,15,3071,80
1160,78,39,2074,85
1161,78,64,2963,72
1162,78,52,1849,87
1163,78,40,1811,71
1164,78,28,1567,89
1165,78,16,2483,73
1166,78,17,2874,72
1167,78,29,1822,72
1168,78,41,2112,90
1169,78,53,2310,92
1170,78,65,1919,92
1171,79,66,2906,85
1172,79,54,1578,96
1173,79,42,1869,79
1174,79,30,1980,94
1175,79,18,3110,77
1176,79,19,2687,67
1177,79,31,1733,72
1178,79,43,2894,92
1179,79,55,2878,73
1180,79,67,2937,96
1181,79,68,2449,72
1182,79,56,1620,88
1183,79,44,2892,73
1184,79,32,2014,72
1185,79,20,2683,84
1186,80,21,2823,78
1187,80,33,3037,93
1188,80,45,2503,87
1189,80,69,1681,83
1190,80,57,3342,69
1191,80,70,2490,90
1192,80,58,2757,75
1193,80,46,1942,67
1194,80,34,2490,74
1195,80,22,2884,76
1196,80,23,2850,84
1197,80,35,2395,91
1198,80,47,2693,91
1199,80,59,1754,81
1200,80,71,2805,71
1201,81,12,3009,81
1202,81,24,2064,73
1203,81,36,2038,86
1204,81,48,2379,70
1205,81,63,1618,89
1206,81,13,3290,71
1207,81,25,3131,76
1208,81,37,3020,78
1209,81,49,2065,78
1210,81,61,2608,67
1211,81,14,2131,76
1212,81,26,2549,72
1213,81,38,2219,78
1214,81,50,3214,90
1215,81,62,2439,80
1216,82,63,2407,69
1217,82,51,2497,85
1218,82,27,2524,91
1219,82,15,1889,86
1220,82,39,1603,76
1221,82,64,1601,93
1222,82,52,2069,68
1223,82,40,3238,73
1224,82,28,2990,79
1225,82,16,3074,72
1226,82,17,2566,72
1227,82,29,1632,90
1228,82,41,1715,83
1229,82,53,1681,93
1230,82,65,2597,83
1231,83,66,1889,70
1232,83,54,1722,97
1233,83,42,1895,81
1234,83,30,1719,76
1235,83,18,2584,78
1236,83,19,1579,73
1237,83,31,2543,72
1238,83,43,3125,84
1239,83,55,1971,69
1240,83,67,2494,94
1241,83,68,3163,84
1242,83,56,1904,70
1243,83,44,2850,76
1244,83,32,3117,89
1245,83,20,2577,95
1246,84,21,2633,67
1247,84,33,2133,72
1248,84,45,1752,81
1249,84,69,2629,71
1250,84,57,3128,74
1251,84,70,2211,74
1252,84,58,2986,76
1253,84,46,3073,68
1254,84,34,2739,66
1255,84,22,2926,91
1256,84,23,2319,91
1257,84,35,3092,77
1258,84,47,2427,87
1259,84,59,2747,97
1260,84,71,2749,83
1261,85,12,1611,98
1262,85,24,1923,75
1263,85,36,2988,73
1264,85,48,2060,82
1265,85,61,2452,80
1266,85,13,3156,72
1267,85,25,2413,94
1268,85,37,1866,78
1269,85,49,3089,98
1270,85,63,2546,96
1271,85,14,2814,92
1272,85,26,2075,72
1273,85,38,2387,78
1274,85,50,1715,82
1275,85,62,1857,82
1276,86,63,2299,76
1277,86,51,2151,73
1278,86,27,3102,72
1279,86,15,3112,67
1280,86,39,2526,93
1281,86,64,1843,74
1282,86,52,2729,73
1283,86,40,1812,86
1284,86,28,3038,78
1285,86,16,2227,85
1286,86,17,2497,88
1287,86,29,2090,97
1288,86,41,1657,98
1289,86,53,3324,73
1290,86,65,2303,92
1291,87,66,2943,73
1292,87,54,2185,83
1293,87,42,2637,89
1294,87,30,2180,97
1295,87,18,1609,91
1296,87,19,1911,93
1297,87,31,3248,88
1298,87,43,2613,91
1299,87,55,2043,90
1300,87,67,3137,75
1301,87,68,1675,96
1302,87,56,2277,76
1303,87,44,3302,89
1304,87,32,2985,84
1305,87,20,1715,86
1306,88,21,2081,93
1307,88,33,3185,98
1308,88,45,2541,92
1309,88,69,3172,90
1310,88,57,2825,74
1311,88,70,1976,95
1312,88,58,2532,68
1313,88,46,2528,87
1314,88,34,1927,74
1315,88,22,1881,71
1316,88,23,1849,94
1317,88,35,1808,91
1318,88,47,3079,66
1319,88,59,2021,70
1320,88,71,1758,70
1321,89,12,1943,89
1322,89,24,3303,93
1323,89,36,2602,76
1324,89,48,3330,89
1325,89,61,1698,66
1326,89,13,3252,79
1327,89,25,2265,91
1328,89,37,2420,73
1329,89,49,1652,85
1330,89,63,2808,93
1331,89,14,2675,95
1332,89,26,3194,87
1333,89,38,2280,66
1334,89,50,3331,82
1335,89,62,1712,96
1336,90,63,3181,73
1337,90,51,2203,76
1338,90,27,1655,91
1339,90,15,3322,74
1340,90,39,3079,84
1341,90,64,3289,70
1342,90,52,2798,90
1343,90,40,1651,69
1344,90,28,1667,84
1345,90,16,2855,94
1346,90,17,1674,82
1347,90,29,2406,76
1348,90,41,2519,75
1349,90,53,1707,86
1350,90,65,1910,98
1351,91,66,3247,70
1352,91,54,2126,72
1353,91,42,3341,86
1354,91,30,3144,72
1355,91,18,2647,91
1356,91,19,3227,75
1357,91,31,3101,69
1358,91,43,1973,72
1359,91,55,2043,81
1360,91,67,2641,69
1361,91,68,3301,85
1362,91,56,3116,90
1363,91,44,1860,77
1364,91,32,3119,70
1365,91,20,1857,66
1366,92,21,2878,93
1367,92,33,2614,97
1368,92,45,2730,92
1369,92,69,3055,96
1370,92,57,2821,94
1371,92,70,2894,77
1372,92,58,1601,85
1373,92,46,3340,92
1374,92,34,2433,77
1375,92,22,2212,86
1376,92,23,2798,79
1377,92,35,2807,79
1378,92,47,2368,90
1379,92,59,1585,70
1380,92,71,3037,90
1381,93,12,1850,79
1382,93,24,3086,83
1383,93,36,3307,70
1384,93,48,2999,94
1385,93,61,3243,95
1386,93,13,2376,82
1387,93,25,3309,94
1388,93,37,2765,72
1389,93,49,2499,81
1390,93,63,2619,69
1391,93,14,1849,67
1392,93,26,2455,85
1393,93,38,3038,84
1394,93,50,2127,74
1395,93,62,2301,94
1396,94,63,2430,76
1397,94,51,2493,98
1398,94,27,2063,81
1399,94,15,2309,66
1400,94,39,3034,67
1401,94,64,2299,86
1402,94,52,2284,72
1403,94,40,1777,76
1404,94,28,1648,97
1405,94,16,2153,79
1406,94,17,1624,84
1407,94,29,1601,90
1408,94,41,2063,95
1409,94,53,2946,70
1410,94,65,2251,86
1411,95,66,1903,89
1412,95,54,2947,69
1413,95,42,1671,74
1414,95,30,2364,81
1415,95,18,3356,67
1416,95,19,1752,71
1417,95,31,2131,93
1418,95,43,1811,76
1419,95,55,3358,70
1420,95,67,3275,76
1421,95,68,3152,75
1422,95,56,2824,78
1423,95,44,2868,98
1424,95,32,3024,80
1425,95,20,2010,87
1426,96,21,1694,76
1427,96,33,2586,96
1428,96,45,2940,86
1429,96,69,2946,78
1430,96,57,2839,90
1431,96,70,1828,95
1432,96,58,2224,77
1433,96,46,3232,85
1434,96,34,2503,77
1435,96,22,1899,85
1436,96,23,2572,80
1437,96,35,2242,76
1438,96,47,3147,66
1439,96,59,1624,91
1440,96,71,1792,98
1441,97,12,2096,90
1442,97,24,2511,66
1443,97,36,3166,72
1444,97,48,2341,78
1445,97,61,2247,78
1446,97,13,1858,66
1447,97,25,2841,80
1448,97,37,2006,77
1449,97,49,2120,78
1450,97,63,3006,89
1451,97,14,2456,79
1452,97,26,2454,87
1453,97,38,3218,74
1454,97,50,3261,98
1455,97,62,2798,92
1456,98,63,1910,71
1457,98,51,2904,93
1458,98,27,2271,93
1459,98,15,2946,67
1460,98,39,1762,67
1461,98,64,1979,90
1462,98,52,2146,68
1463,98,40,2048,93
1464,98,28,3208,77
1465,98,16,2960,88
1466,98,17,1915,70
1467,98,29,2227,79
1468,98,41,2699,95
1469,98,53,2569,95
1470,98,65,2737,77
1471,99,66,2665,96
1472,99,54,1824,77
1473,99,42,2252,72
1474,99,30,3139,75
1475,99,18,2808,84
1476,99,19,2384,75
1477,99,31,3227,83
1478,99,43,2176,78
1479,99,55,2853,93
1480,99,67,2011,86
1481,99,68,3078,90
1482,99,56,3058,97
1483,99,44,2369,86
1484,99,32,2687,74
1485,99,20,1938,79
1486,100,21,3235,75
1487,100,33,2915,76
1488,100,45,2561,69
1489,100,69,1890,87
1490,100,57,3338,74
1491,100,70,2152,78
1492,100,58,2139,82
1493,100,46,3235,84
1494,100,34,3124,87
1495,100,22,2207,78
1496,100,23,2734,87
1497,100,35,2187,73
1498,100,47,1691,77
1499,100,59,2609,75
1500,100,71,2177,82
1501,101,12,3114,90
1502,101,24,2606,91
1503,101,36,2754,95
1504,101,48,3029,91
1505,101,61,2428,77
1506,101,13,2384,76
1507,101,25,3271,71
1508,101,37,2381,97
1509,101,49,2173,92
1510,101,63,2341,92
1511,101,14,2768,92
1512,101,26,3010,73
1513,101,38,2867,96
1514,101,50,3174,87
1515,101,62,2829,94
1516,102,63,2946,71
1517,102,51,2886,97
1518,102,27,2761,89
1519,102,15,2789,98
1520,102,39,2332,77
1521,102,64,2448,75
1522,102,52,2271,71
1523,102,40,2372,70
1524,102,28,2170,84
1525,102,16,1674,66
1526,102,17,1983,76
1527,102,29,1663,79
1528,102,41,1883,72
1529,102,53,3299,98
1530,102,65,2527,95
1531,103,66,2380,97
1532,103,54,2728,73
1533,103,42,2750,72
1534,103,30,2613,95
1535,103,18,2405,69
1536,103,19,3027,72
1537,103,31,2663,70
1538,103,43,2556,94
1539,103,55,2557,79
1540,103,67,2010,91
1541,103,68,3040,70
1542,103,56,2977,78
1543,103,44,2237,68
1544,103,32,2182,69
1545,103,20,2366,70
1546,104,21,2235,84
1547,104,33,2154,71
1548,104,45,1582,69
1549,104,69,2275,95
1550,104,57,3089,75
1551,104,70,1717,79
1552,104,58,1685,93
1553,104,46,3070,85
1554,104,34,1996,91
1555,104,22,1732,81
1556,104,23,2462,88
1557,104,35,2307,73
1558,104,47,2020,87
1559,104,59,2191,69
1560,104,71,2218,87
1561,105,12,2961,84
1562,105,24,2882,77
1563,105,36,3048,79
1564,105,48,1967,80
1565,105,61,2742,92
1566,105,13,1840,71
1567,105,25,2371,72
1568,105,37,1656,94
1569,105,49,2040,95
1570,105,63,2376,83
1571,105,14,1710,80
1572,105,26,1930,83
1573,105,38,3255,92
1574,105,50,1859,80
1575,105,62,1679,93
1576,106,63,2522,85
1577,106,51,3225,67
1578,106,27,2689,86
1579,106,15,1710,68
1580,106,39,1953,83
1581,106,64,3084,90
1582,106,52,2123,96
1583,106,40,2124,83
1584,106,28,2772,67
1585,106,16,2642,79
1586,106,17,2197,85
1587,106,29,2620,82
1588,106,41,1813,71
1589,106,53,2249,82
1590,106,65,2490,93
1591,107,66,2655,95
1592,107,54,1827,89
1593,107,42,1982,93
1594,107,30,3297,84
1595,107,18,1569,86
1596,107,19,3345,69
1597,107,31,2485,91
1598,107,43,2204,78
1599,107,55,2796,95
1600,107,67,1839,83
1601,107,68,1869,82
1602,107,56,1563,71
1603,107,44,3313,80
1604,107,32,2366,73
1605,107,20,1807,74
1606,108,21,2045,69
1607,108,33,3131,72
1608,108,45,1734,96
1609,108,69,2243,95
1610,108,57,1788,93
1611,108,70,3331,67
1612,108,58,3198,92
1613,108,46,1734,67
1614,108,34,2133,66
1615,108,22,2354,95
1616,108,23,2329,88
1617,108,35,3050,79
1618,108,47,2783,95
1619,108,59,2250,70
1620,108,71,2252,70
1621,109,12,3082,86
1622,109,24,2135,90
1623,109,36,2600,82
1624,109,48,3056,97
1625,109,61,1794,69
1626,109,13,2737,77
1627,109,25,1594,69
1628,109,37,1626,83
1629,109,49,2253,92
1630,109,63,3003,71
1631,109,14,1843,66
1632,109,26,3268,87
1633,109,38,2107,96
1634,109,50,2177,98
1635,109,62,2146,73
1636,110,63,1612,81
1637,110,51,1710,69
1638,110,27,2240,70
1639,110,15,2570,84
1640,110,39,2429,66
1641,110,64,2563,88
1642,110,52,3062,86
1643,110,40,2684,74
1644,110,28,2954,81
1645,110,16,1636,94
1646,110,17,2532,93
1647,110,29,3229,88
1648,110,41,3328,98
1649,110,53,1940,71
1650,110,65,2061,90
